<?xml version="1.0" encoding="UTF-8" standalone="yes"?>
<addon id="cb.rep" name="CubePlay Repository" version="1.0" provider-name="cubeplay">
    <extension point="xbmc.addon.repository" name="Example Repository">
        <dir>
            <info compressed="false">https://raw.githubusercontent.com/D4anielCB/cb.rep/master/zips/addons.xml</info>
            <checksum>https://raw.githubusercontent.com/D4anielCB/cb.rep/master/zips/addons.xml.md5</checksum>
            <datadir zip="true">https://raw.githubusercontent.com/D4anielCB/cb.rep/master/zips/</datadir>
        </dir>
    </extension>
    <extension point="xbmc.addon.metadata">
        <summary>CubePlay Repository</summary>
        <description>Repositorio para os addons cubeplay</description>
        <disclaimer></disclaimer>
        <platform>all</platform>
        <assets>
            <icon>icon.png</icon>
        </assets>
    </extension>
</addon>